created_at;cpu_porcentagem;ram_porcentage;ram_gb
2025-02-11 20:56:41;0.00;58.90;9.63
2025-02-11 20:56:42;77.50;59.50;9.72
2025-02-11 20:56:43;99.60;59.40;9.70
2025-02-11 20:56:44;99.40;59.50;9.73
2025-02-11 20:56:45;100.00;59.10;9.66
2025-02-11 20:56:46;100.00;59.50;9.71
2025-02-11 20:56:47;100.00;59.50;9.72
2025-02-11 20:56:48;100.00;59.80;9.77
2025-02-11 20:56:49;100.00;60.00;9.80
2025-02-11 20:56:50;100.00;60.00;9.80
2025-02-11 20:56:51;100.00;60.20;9.84
2025-02-11 20:56:52;100.00;60.30;9.84
2025-02-11 20:56:53;100.00;60.60;9.89
2025-02-11 20:56:54;100.00;60.70;9.91
2025-02-11 20:56:55;98.50;60.70;9.91
2025-02-11 20:56:56;91.80;60.60;9.89
2025-02-11 20:56:57;99.30;60.70;9.91
2025-02-11 20:56:58;100.00;60.40;9.87
2025-02-11 20:56:59;98.90;60.40;9.87
2025-02-11 20:57:00;97.50;60.50;9.88
2025-02-11 20:57:01;82.90;60.40;9.86
2025-02-11 20:57:02;92.90;59.90;9.79
2025-02-11 20:57:03;97.40;59.00;9.64
2025-02-11 20:57:04;100.00;57.90;9.47
2025-02-11 20:57:06;100.00;57.80;9.44
2025-02-11 20:57:07;100.00;57.80;9.43
2025-02-11 20:57:08;99.60;57.70;9.42
2025-02-11 20:57:09;100.00;57.30;9.36
2025-02-11 20:57:10;99.60;56.90;9.29
2025-02-11 20:57:11;100.00;55.80;9.12
2025-02-11 20:57:12;99.60;55.50;9.07
2025-02-11 20:57:13;99.30;55.30;9.03
2025-02-11 20:57:14;100.00;55.00;8.99
2025-02-11 20:57:15;99.30;54.80;8.95
2025-02-11 20:57:16;100.00;54.70;8.93
2025-02-11 20:57:17;98.90;54.30;8.88
2025-02-11 20:57:18;100.00;54.10;8.84
2025-02-11 20:57:19;100.00;53.90;8.80
2025-02-11 20:57:20;99.60;53.20;8.68
2025-02-11 20:57:21;92.90;53.10;8.67
2025-02-11 20:57:22;90.20;52.90;8.64
2025-02-11 20:57:23;100.00;52.80;8.62
2025-02-11 20:57:24;98.20;51.80;8.47
2025-02-11 20:57:25;93.20;51.00;8.32
2025-02-11 20:57:26;87.40;50.60;8.27
2025-02-11 20:57:27;98.90;49.80;8.13
2025-02-11 20:57:28;91.00;49.20;8.04
2025-02-11 20:57:29;81.00;49.30;8.06
2025-02-11 20:57:30;82.40;49.20;8.04
2025-02-11 20:57:31;96.40;48.70;7.95
2025-02-11 20:57:32;84.90;48.50;7.92
2025-02-11 20:57:33;89.80;48.50;7.92
2025-02-11 20:57:34;96.70;47.60;7.77
2025-02-11 20:57:35;88.40;47.50;7.76
2025-02-11 20:57:36;86.80;47.40;7.74
2025-02-11 20:57:37;94.90;47.80;7.80
2025-02-11 20:57:38;96.00;47.70;7.79
2025-02-11 20:57:39;89.30;47.70;7.79
2025-02-11 20:57:40;83.30;47.40;7.73
2025-02-11 20:57:41;91.20;47.70;7.80
2025-02-11 20:57:42;100.00;48.00;7.84
2025-02-11 20:57:43;97.20;48.10;7.85
2025-02-11 20:57:44;97.30;48.00;7.84
2025-02-11 20:57:45;90.80;48.00;7.84
2025-02-11 20:57:46;87.10;47.60;7.78
2025-02-11 20:57:47;93.50;47.70;7.78
2025-02-11 20:57:48;81.80;47.70;7.79
2025-02-11 20:57:49;82.80;47.80;7.80
2025-02-11 20:57:50;93.80;48.30;7.84
2025-02-11 20:57:51;99.70;47.60;7.78
2025-02-11 20:57:52;96.60;47.60;7.78
2025-02-11 20:57:53;96.90;47.90;7.83
2025-02-11 20:57:54;96.90;48.20;7.87
2025-02-11 20:57:55;94.70;47.40;7.74
2025-02-11 20:57:56;97.20;47.90;7.83
2025-02-11 20:57:57;97.90;47.20;7.70
2025-02-11 20:57:58;86.20;47.20;7.70
2025-02-11 20:57:59;73.80;47.10;7.70
2025-02-11 20:58:00;67.80;47.20;7.70
2025-02-11 20:58:01;68.50;47.20;7.71
2025-02-11 20:58:02;70.60;47.10;7.70
2025-02-11 20:58:03;59.50;47.10;7.69
2025-02-11 20:58:04;65.40;47.10;7.69
2025-02-11 20:58:05;88.20;47.00;7.68
2025-02-11 20:58:06;73.60;46.90;7.66
2025-02-11 20:58:07;77.00;47.00;7.67
2025-02-11 20:58:08;95.20;47.30;7.73
2025-02-11 20:58:09;75.70;47.30;7.72
2025-02-11 20:58:10;87.90;47.30;7.73
2025-02-11 20:58:11;88.20;47.40;7.73
2025-02-11 20:58:12;85.80;47.30;7.73
2025-02-11 20:58:13;84.30;47.50;7.75
2025-02-11 20:58:14;84.80;47.50;7.75
2025-02-11 20:58:15;90.40;47.60;7.78
2025-02-11 20:58:16;84.60;47.60;7.77
2025-02-11 20:58:17;85.00;47.60;7.77
2025-02-11 20:58:18;87.10;47.60;7.77
2025-02-11 20:58:19;83.20;47.30;7.72
2025-02-11 20:58:20;90.50;47.30;7.72
2025-02-11 20:58:22;82.60;47.30;7.73
2025-02-11 20:58:23;86.20;47.60;7.77
2025-02-11 20:58:24;82.10;47.50;7.76
2025-02-11 20:58:25;86.00;47.40;7.75
2025-02-11 20:58:26;90.90;47.30;7.72
2025-02-11 20:58:27;87.60;47.30;7.72
2025-02-11 20:58:28;87.50;47.70;7.78
2025-02-11 20:58:29;84.20;47.60;7.78
2025-02-11 20:58:30;86.00;47.60;7.78
2025-02-11 20:58:31;91.40;47.50;7.76
2025-02-11 20:58:32;84.70;47.50;7.76
2025-02-11 20:58:33;84.80;47.60;7.77
2025-02-11 20:58:34;85.70;47.60;7.78
2025-02-11 20:58:35;85.20;47.60;7.78
2025-02-11 20:58:36;88.50;47.60;7.77
2025-02-11 20:58:37;86.90;47.70;7.78
2025-02-11 20:58:38;89.60;47.70;7.79
2025-02-11 20:58:39;86.50;47.60;7.77
2025-02-11 20:58:40;83.50;47.60;7.77
2025-02-11 20:58:41;82.20;47.60;7.77
2025-02-11 20:58:42;83.00;47.60;7.77
2025-02-11 20:58:43;88.40;47.50;7.77
2025-02-11 20:58:44;87.40;47.50;7.76
2025-02-11 20:58:45;88.10;47.50;7.76
2025-02-11 20:58:46;80.40;47.50;7.76
2025-02-11 20:58:47;84.40;47.40;7.74
2025-02-11 20:58:48;87.10;47.40;7.74
2025-02-11 20:58:49;97.90;47.80;7.81
2025-02-11 20:58:50;85.30;47.80;7.81
2025-02-11 20:58:51;87.20;47.80;7.81
2025-02-11 20:58:52;89.70;47.80;7.81
2025-02-11 20:58:53;80.40;47.70;7.80
2025-02-11 20:58:54;77.90;47.70;7.78
2025-02-11 20:58:55;70.30;47.60;7.78
2025-02-11 20:58:56;74.10;47.60;7.77
2025-02-11 20:58:57;75.70;47.60;7.77
2025-02-11 20:58:58;73.10;47.60;7.77
2025-02-11 20:58:59;69.50;47.60;7.78
2025-02-11 20:59:00;74.00;47.60;7.77
2025-02-11 20:59:01;69.00;47.50;7.77
2025-02-11 20:59:02;70.20;47.40;7.74
2025-02-11 20:59:03;76.30;47.30;7.73
2025-02-11 20:59:04;75.10;47.30;7.73
2025-02-11 20:59:05;70.90;47.40;7.74
2025-02-11 20:59:06;75.20;47.40;7.74
2025-02-11 20:59:07;67.50;47.30;7.73
2025-02-11 20:59:08;70.60;47.30;7.73
2025-02-11 20:59:09;71.00;47.30;7.73
2025-02-11 20:59:10;77.70;47.50;7.75
2025-02-11 20:59:11;72.00;47.50;7.75
2025-02-11 20:59:12;73.30;47.60;7.77
2025-02-11 20:59:13;70.70;47.50;7.75
2025-02-11 20:59:14;73.50;47.50;7.75
2025-02-11 20:59:15;71.00;47.50;7.75
2025-02-11 20:59:16;76.70;47.40;7.75
2025-02-11 20:59:17;64.20;47.40;7.74
2025-02-11 20:59:18;71.30;47.40;7.74
2025-02-11 20:59:19;76.60;47.30;7.73
2025-02-11 20:59:20;70.80;47.30;7.72
2025-02-11 20:59:21;70.10;47.30;7.72
2025-02-11 20:59:22;76.10;47.40;7.75
2025-02-11 20:59:23;66.50;47.40;7.73
2025-02-11 20:59:24;54.80;47.20;7.70
2025-02-11 20:59:25;53.10;46.90;7.66
2025-02-11 20:59:26;57.00;46.70;7.63
2025-02-11 20:59:27;58.10;46.60;7.61
2025-02-11 20:59:28;70.30;46.60;7.62
2025-02-11 20:59:29;80.70;46.70;7.63
2025-02-11 20:59:30;58.80;46.70;7.63
2025-02-11 20:59:31;42.20;46.90;7.66
2025-02-11 20:59:32;13.10;47.10;7.69
2025-02-11 20:59:33;17.80;46.80;7.65
2025-02-11 20:59:34;18.30;46.60;7.62
2025-02-11 20:59:35;11.50;46.40;7.57
2025-02-11 20:59:36;13.60;46.30;7.56
2025-02-11 20:59:37;13.20;46.10;7.53
2025-02-11 20:59:39;20.50;45.80;7.48
2025-02-11 20:59:40;12.20;45.80;7.48
2025-02-11 20:59:41;17.10;45.30;7.41
2025-02-11 20:59:42;13.90;45.40;7.41
2025-02-11 20:59:43;17.40;45.40;7.41
2025-02-11 20:59:44;36.70;45.40;7.41
2025-02-11 20:59:45;12.20;45.30;7.40
2025-02-11 20:59:46;15.20;45.40;7.41
2025-02-11 20:59:47;13.00;45.50;7.44
2025-02-11 20:59:48;12.40;45.70;7.46
2025-02-11 20:59:49;14.20;45.70;7.47
2025-02-11 20:59:50;50.60;46.10;7.53
2025-02-11 20:59:51;19.40;45.90;7.49
2025-02-11 20:59:52;44.90;45.70;7.47
2025-02-11 20:59:53;18.00;45.70;7.46
2025-02-11 20:59:54;17.10;45.70;7.46
2025-02-11 20:59:55;11.10;45.60;7.44
2025-02-11 20:59:56;12.50;45.50;7.44
2025-02-11 20:59:57;13.20;45.50;7.44
2025-02-11 20:59:58;9.50;45.60;7.44
2025-02-11 20:59:59;10.90;45.50;7.43
2025-02-11 21:00:00;33.60;45.60;7.45
2025-02-11 21:00:01;19.50;45.70;7.46
2025-02-11 21:00:02;15.10;45.70;7.46
2025-02-11 21:00:03;10.70;45.60;7.45
2025-02-11 21:00:04;32.40;45.70;7.46
2025-02-11 21:00:05;32.80;45.60;7.45
2025-02-11 21:00:06;46.70;46.00;7.51
2025-02-11 21:00:07;56.10;46.00;7.52
2025-02-11 21:00:08;28.50;45.90;7.50
2025-02-11 21:00:09;48.20;46.80;7.64
2025-02-11 21:00:10;31.20;47.70;7.80
2025-02-11 21:00:11;87.00;49.00;8.01
2025-02-11 21:00:12;100.00;49.10;8.02
2025-02-11 21:00:13;88.40;49.20;8.03
2025-02-11 21:00:14;66.10;49.20;8.03
2025-02-11 21:00:15;38.20;49.30;8.05
2025-02-11 21:00:16;41.10;49.20;8.04
2025-02-11 21:00:17;65.50;49.40;8.07
2025-02-11 21:00:18;69.00;49.40;8.07
2025-02-11 21:00:19;68.00;49.40;8.07
2025-02-11 21:00:20;66.20;49.30;8.05
2025-02-11 21:00:21;66.70;49.30;8.05
2025-02-11 21:00:22;69.30;49.80;8.13
2025-02-11 21:00:23;88.40;50.00;8.16
2025-02-11 21:00:24;63.80;49.80;8.13
2025-02-11 21:00:25;52.00;50.50;8.25
2025-02-11 21:00:26;18.50;50.80;8.29
2025-02-11 21:00:27;38.30;53.70;8.77
2025-02-11 21:00:28;41.80;57.30;9.36
2025-02-11 21:00:29;59.30;57.70;9.43
2025-02-11 21:00:30;30.00;57.70;9.42
2025-02-11 21:00:31;31.40;57.70;9.43
2025-02-11 21:00:32;42.00;57.70;9.42
2025-02-11 21:00:33;44.90;56.60;9.25
2025-02-11 21:00:34;54.50;56.90;9.29
2025-02-11 21:00:35;64.70;56.80;9.28
2025-02-11 21:00:36;59.10;56.80;9.27
2025-02-11 21:00:37;61.10;56.80;9.27
2025-02-11 21:00:38;61.40;56.50;9.22
2025-02-11 21:00:39;65.20;56.40;9.22
2025-02-11 21:00:40;55.90;56.30;9.20
2025-02-11 21:00:41;67.70;56.10;9.17
2025-02-11 21:00:42;64.70;56.40;9.21
2025-02-11 21:00:43;59.00;56.30;9.20
2025-02-11 21:00:44;57.70;56.40;9.21
2025-02-11 21:00:45;62.30;56.40;9.21
2025-02-11 21:00:46;60.60;56.20;9.18
2025-02-11 21:00:47;50.00;56.10;9.16
2025-02-11 21:00:48;51.10;56.10;9.16
2025-02-11 21:00:49;57.30;56.20;9.19
2025-02-11 21:00:50;54.30;56.30;9.19
2025-02-11 21:00:51;63.70;56.30;9.19
2025-02-11 21:00:52;70.00;56.30;9.19
2025-02-11 21:00:53;64.40;56.30;9.19
2025-02-11 21:00:54;63.00;56.30;9.20
2025-02-11 21:00:55;68.50;56.30;9.20
2025-02-11 21:00:57;86.40;56.70;9.27
2025-02-11 21:00:58;90.80;57.70;9.43
2025-02-11 21:00:59;87.20;59.90;9.78
2025-02-11 21:01:00;86.80;60.80;9.93
2025-02-11 21:01:01;87.70;61.50;10.05
2025-02-11 21:01:02;59.20;60.40;9.86
2025-02-11 21:01:03;62.50;60.30;9.84
2025-02-11 21:01:04;86.90;60.80;9.94
2025-02-11 21:01:05;71.30;60.70;9.92
2025-02-11 21:01:06;58.00;61.00;9.96
2025-02-11 21:01:07;54.50;61.00;9.97
2025-02-11 21:01:08;55.10;60.90;9.94
2025-02-11 21:01:09;51.10;60.90;9.94
2025-02-11 21:01:10;64.90;61.00;9.96
2025-02-11 21:01:11;53.50;60.70;9.91
2025-02-11 21:01:12;56.60;60.80;9.92
2025-02-11 21:01:13;67.40;60.70;9.92
2025-02-11 21:01:14;60.20;60.70;9.92
2025-02-11 21:01:15;50.40;60.70;9.92
2025-02-11 21:01:16;60.50;60.60;9.90
2025-02-11 21:01:17;55.70;60.60;9.90
2025-02-11 21:01:18;56.40;60.60;9.90
2025-02-11 21:01:19;57.00;60.60;9.90
2025-02-11 21:01:20;55.60;60.50;9.88
2025-02-11 21:01:21;39.90;60.70;9.91
2025-02-11 21:01:22;27.50;60.70;9.91
2025-02-11 21:01:23;86.70;61.00;9.96
2025-02-11 21:01:24;75.10;62.00;10.13
2025-02-11 21:01:25;64.90;61.80;10.10
2025-02-11 21:01:26;79.10;61.70;10.07
2025-02-11 21:01:28;99.00;61.10;9.98
2025-02-11 21:01:29;82.00;63.30;10.35
2025-02-11 21:01:30;95.70;64.20;10.48
2025-02-11 21:01:31;93.50;64.40;10.52
2025-02-11 21:01:32;98.20;63.90;10.43
2025-02-11 21:01:33;77.70;63.70;10.41
2025-02-11 21:01:34;91.60;64.40;10.52
2025-02-11 21:01:35;97.40;64.90;10.61
2025-02-11 21:01:36;95.50;65.10;10.64
2025-02-11 21:01:37;99.70;65.40;10.68
2025-02-11 21:01:39;100.00;66.10;10.79
2025-02-11 21:01:40;100.00;66.30;10.83
2025-02-11 21:01:41;93.10;66.90;10.93
2025-02-11 21:01:42;73.30;66.80;10.92
2025-02-11 21:01:43;70.30;67.60;11.04
2025-02-11 21:01:44;79.30;68.30;11.15
2025-02-11 21:01:45;84.60;70.00;11.42
2025-02-11 21:01:46;66.70;70.70;11.56
2025-02-11 21:01:47;51.10;70.20;11.47
2025-02-11 21:01:48;40.60;69.80;11.39
2025-02-11 21:01:49;85.40;68.90;11.26
2025-02-11 21:01:50;68.10;67.30;10.99
2025-02-11 21:01:51;64.90;68.40;11.18
2025-02-11 21:01:52;89.70;69.30;11.32
2025-02-11 21:01:53;69.70;68.80;11.24
2025-02-11 21:01:54;66.10;70.50;11.51
2025-02-11 21:01:55;67.90;69.70;11.39
2025-02-11 21:01:56;66.20;68.70;11.22
2025-02-11 21:01:57;59.60;68.80;11.24
2025-02-11 21:01:58;80.10;68.90;11.25
2025-02-11 21:01:59;74.80;69.40;11.34
2025-02-11 21:02:00;70.20;70.20;11.47
2025-02-11 21:02:01;60.70;69.50;11.35
2025-02-11 21:02:02;62.00;69.50;11.35
2025-02-11 21:02:03;56.50;69.30;11.31
2025-02-11 21:02:04;56.80;69.30;11.31
2025-02-11 21:02:05;59.20;69.20;11.30
2025-02-11 21:02:06;65.70;69.30;11.32
2025-02-11 21:02:07;64.00;69.20;11.31
2025-02-11 21:02:08;57.10;69.00;11.26
2025-02-11 21:02:09;72.50;69.20;11.30
2025-02-11 21:02:10;75.50;69.00;11.27
2025-02-11 21:02:11;76.30;69.70;11.39
2025-02-11 21:02:12;38.10;69.90;11.41
2025-02-11 21:02:13;34.90;69.80;11.40
2025-02-11 21:02:14;36.20;69.70;11.38
2025-02-11 21:02:15;78.90;70.10;11.45
2025-02-11 21:02:16;59.90;70.10;11.45
2025-02-11 21:02:17;79.00;70.40;11.49
2025-02-11 21:02:19;57.40;71.40;11.66
2025-02-11 21:02:20;79.60;70.70;11.54
2025-02-11 21:02:21;73.10;70.20;11.46
2025-02-11 21:02:22;67.80;70.00;11.43
2025-02-11 21:02:23;57.00;69.80;11.39
2025-02-11 21:02:24;50.90;69.50;11.35
2025-02-11 21:02:25;57.50;69.20;11.30
2025-02-11 21:02:26;64.90;69.30;11.31
2025-02-11 21:02:27;65.90;69.50;11.36
2025-02-11 21:02:28;75.90;70.00;11.45
2025-02-11 21:02:29;84.20;70.10;11.45
2025-02-11 21:02:30;44.90;70.10;11.45
2025-02-11 21:02:31;38.50;69.90;11.42
2025-02-11 21:02:32;61.50;70.40;11.50
2025-02-11 21:02:33;76.90;70.80;11.56
2025-02-11 21:02:34;40.40;70.80;11.57
2025-02-11 21:02:35;34.10;70.80;11.57
2025-02-11 21:02:36;52.90;70.80;11.57
2025-02-11 21:02:37;68.10;71.20;11.63
2025-02-11 21:02:38;67.50;71.30;11.65
2025-02-11 21:02:39;80.10;71.20;11.63
2025-02-11 21:02:40;82.90;71.10;11.61
2025-02-11 21:02:41;76.80;70.50;11.52
2025-02-11 21:02:42;84.30;69.80;11.40
2025-02-11 21:02:43;58.70;69.80;11.40
2025-02-11 21:02:44;59.10;69.90;11.41
2025-02-11 21:02:45;59.50;70.10;11.45
2025-02-11 21:02:46;64.40;71.20;11.64
2025-02-11 21:02:47;50.60;71.10;11.62
2025-02-11 21:02:48;71.60;72.50;11.84
2025-02-11 21:02:49;56.40;76.20;12.44
2025-02-11 21:02:50;41.10;77.10;12.59
2025-02-11 21:02:51;48.10;80.00;13.07
2025-02-11 21:02:52;58.60;79.80;13.03
2025-02-11 21:02:53;69.20;79.90;13.05
2025-02-11 21:02:54;61.70;79.80;13.03
2025-02-11 21:02:55;63.50;80.30;13.11
2025-02-11 21:02:56;59.30;81.20;13.27
2025-02-11 21:02:57;61.20;82.00;13.39
2025-02-11 21:02:58;60.10;82.00;13.39
2025-02-11 21:02:59;48.00;82.00;13.38
2025-02-11 21:03:00;43.60;81.80;13.36
2025-02-11 21:03:01;100.00;82.60;13.49
2025-02-11 21:03:03;100.00;85.30;13.93
2025-02-11 21:03:04;100.00;86.80;14.18
2025-02-11 21:03:05;97.30;87.10;14.22
2025-02-11 21:03:06;100.00;87.60;14.29
2025-02-11 21:03:08;100.00;87.10;14.24
2025-02-11 21:03:09;92.40;86.20;14.06
2025-02-11 21:03:10;54.70;82.00;13.39
2025-02-11 21:03:11;36.50;82.10;13.42
2025-02-11 21:03:12;54.30;82.80;13.52
2025-02-11 21:03:13;62.50;83.30;13.61
2025-02-11 21:03:14;42.40;83.40;13.62
2025-02-11 21:03:15;65.20;83.90;13.70
2025-02-11 21:03:16;94.80;84.40;13.78
2025-02-11 21:03:17;92.60;85.00;13.89
2025-02-11 21:03:18;61.00;84.90;13.86
2025-02-11 21:03:19;56.80;84.90;13.87
2025-02-11 21:03:20;62.30;84.70;13.84
2025-02-11 21:03:21;69.70;84.90;13.87
2025-02-11 21:03:22;61.30;84.90;13.87
2025-02-11 21:03:23;56.70;85.00;13.89
2025-02-11 21:03:24;57.00;84.90;13.86
2025-02-11 21:03:25;71.30;84.70;13.83
2025-02-11 21:03:26;65.30;84.60;13.82
2025-02-11 21:03:27;54.60;84.50;13.80
2025-02-11 21:03:28;67.80;84.70;13.83
2025-02-11 21:03:29;79.50;85.00;13.88
2025-02-11 21:03:30;100.00;85.10;13.91
2025-02-11 21:03:31;88.90;82.00;13.40
2025-02-11 21:03:32;56.60;81.40;13.30
2025-02-11 21:03:33;48.80;81.40;13.29
2025-02-11 21:03:34;34.10;79.90;13.01
2025-02-11 21:03:35;58.30;63.30;10.34
2025-02-11 21:03:36;60.80;60.20;9.83
2025-02-11 21:03:37;68.90;60.30;9.85
2025-02-11 21:03:38;43.70;59.20;9.64
2025-02-11 21:03:39;20.10;58.80;9.60
2025-02-11 21:03:40;11.00;58.70;9.58
2025-02-11 21:03:41;13.60;58.60;9.57
2025-02-11 21:03:42;11.10;58.60;9.57
2025-02-11 21:03:43;11.50;58.50;9.55
2025-02-11 21:03:44;16.90;58.50;9.55
2025-02-11 21:03:45;5.70;58.40;9.54
2025-02-11 21:03:46;7.80;58.30;9.53
2025-02-11 21:03:47;14.10;58.20;9.51
2025-02-11 21:03:48;15.80;58.20;9.50
2025-02-11 21:03:49;22.80;58.60;9.56
2025-02-11 21:03:50;17.90;58.40;9.54
2025-02-11 21:03:51;18.60;58.30;9.52
2025-02-11 21:03:52;25.90;54.40;8.89
2025-02-11 21:03:53;9.30;54.30;8.88
2025-02-11 21:03:54;17.10;54.50;8.90
2025-02-11 21:03:55;19.00;54.60;8.92
2025-02-11 21:03:56;20.20;54.60;8.91
2025-02-11 21:03:57;19.50;54.70;8.93
2025-02-11 21:03:58;31.50;54.60;8.92
2025-02-11 21:03:59;42.90;54.30;8.87
2025-02-11 21:04:00;45.30;54.40;8.89
2025-02-11 21:04:01;14.80;53.70;8.78
2025-02-11 21:04:02;10.30;53.60;8.76
2025-02-11 21:04:03;11.50;53.50;8.74
2025-02-11 21:04:04;12.50;53.50;8.73
2025-02-11 21:04:05;14.90;53.40;8.72
2025-02-11 21:04:06;7.70;53.30;8.71
2025-02-11 21:04:07;8.00;53.30;8.70
2025-02-11 21:04:08;13.50;53.30;8.70
2025-02-11 21:04:09;16.90;53.30;8.70
2025-02-11 21:04:10;17.00;53.20;8.70
2025-02-11 21:04:11;10.60;53.20;8.69
2025-02-11 21:04:12;26.20;53.30;8.70
2025-02-11 21:04:13;18.90;53.30;8.70
2025-02-11 21:04:14;11.80;53.20;8.69
2025-02-11 21:04:15;13.20;53.40;8.72
2025-02-11 21:04:16;10.70;53.30;8.71
2025-02-11 21:04:17;11.40;53.30;8.71
2025-02-11 21:04:19;9.70;53.40;8.72
2025-02-11 21:04:20;12.80;53.30;8.70
2025-02-11 21:04:21;45.30;53.20;8.69
2025-02-11 21:04:22;26.00;53.40;8.72
2025-02-11 21:04:23;12.80;53.30;8.70
2025-02-11 21:04:24;8.10;53.20;8.70
2025-02-11 21:04:25;16.30;53.00;8.66
2025-02-11 21:04:26;24.80;52.90;8.64
2025-02-11 21:04:27;11.40;52.90;8.65
2025-02-11 21:04:28;10.60;52.90;8.65
2025-02-11 21:04:29;17.00;52.90;8.65
2025-02-11 21:04:30;8.80;52.70;8.61
2025-02-11 21:04:31;15.80;52.70;8.62
2025-02-11 21:04:32;9.20;52.70;8.61
2025-02-11 21:04:33;10.00;52.70;8.61
2025-02-11 21:04:34;8.70;52.70;8.61
2025-02-11 21:04:35;15.10;52.70;8.61
2025-02-11 21:04:36;10.20;52.70;8.61
2025-02-11 21:04:37;13.50;52.70;8.61
2025-02-11 21:04:38;13.50;52.70;8.61
2025-02-11 21:04:39;11.10;52.70;8.61
2025-02-11 21:04:40;8.70;52.70;8.61
2025-02-11 21:04:41;12.10;52.70;8.61
2025-02-11 21:04:42;17.00;52.70;8.61
2025-02-11 21:04:43;17.00;52.70;8.61
2025-02-11 21:04:44;15.00;52.70;8.61
2025-02-11 21:04:45;12.40;52.70;8.61
2025-02-11 21:04:46;10.30;52.70;8.61
2025-02-11 21:04:47;10.30;52.70;8.61
2025-02-11 21:04:48;9.10;52.70;8.61
2025-02-11 21:04:49;17.50;52.70;8.61
2025-02-11 21:04:50;20.80;52.70;8.61
2025-02-11 21:04:51;21.20;52.70;8.61
2025-02-11 21:04:52;31.30;52.70;8.61
